{
    "gespielt": 460,
    "gewonnen": 152,
    "verloren": 242,
    "rekord": 12.5248824,
    "average": 64.54924304539479
}